Date,Day,Time,R1_duration,R2_duration,Via sion,R3_duration,Festival,R2=26
25-09-2018,Tuesday,09:26,89.2,90,75,93,,R3=27
25-09-2018,Tuesday,10:01,86,76,81,86,,R1=30
25-09-2018,Tuesday ,10:30,82,73,79,84,,sion = 34
26-09-2018,Wednesday ,08:32,82,81,81,60,,
26-09-2018,Wednesday ,10:30,83,77,80,73,,
27-09-2018,Friday,09:36,85,90,83,65,,
27-09-2018,Thursday ,08:20,84,84,85,62,,
27-09-2018,Thursday ,10:45,73,75,75,70,,
28-09-2018,Friday,17:06,73,70,80,78,,
28-09-2018,Friday,18:07,80,74,83,85,,
29-09-2018,Saturday,09:32,58,55,62,60,,
29-09-2018,Saturday,10:45,67,63,74,71,,
30-09-2018,Sunday,12:17,59,58,62,65,,
30-09-2018,Sunday,21:10,59,58,62,65,,
01-10-2018,Monday,09:50,81,78,80,78,,
01-10-2018,Monday,10:45,71,71,75,75,,
01-10-2018,Monday,11:45,67,67,68,72,,
01-10-2018,Monday,12:37,62,68,71,66,,
01-10-2018,Monday ,18:45,83,71,88,78,,
02-10-2018,Tuesday,09:25,53,55,61,58,Gandhi Jayanti,
02-10-2018,Tuesday,11:40,56,55,65,62,Gandhi Jayanti,
02-10-2018,Tuesday,19:42,68,63,72,66,Gandhi Jayanti,
03-10-2018,Wednesday ,09:42,96,83,88,83,,
03-10-2018,Wednesday ,10:42,76,78,83,80,,
03-10-2018,Wednesday ,11:20,76,75,82,83,,
04-10-2018,Thursday,09:28,94,87,85,84,,
04-10-2018,Thursday,10:45,74,70,78,76,,
04-10-2018,Thursday,11:50,73,70,78,75,,
04-10-2018,Thursday,17:15,71,68,81,75,,
04-10-2018,Thursday ,18:30,73,73,78,79,,
05-10-2018,Friday,09:35,92,85,88,84,,
05-10-2018,Friday,11:45,71,72,75,77,,
05-10-2018,Friday,17:50,73,77,84,87,,
05-10-2018,Friday,19:18,80,82,91,95,,
06-10-2018,Saturday,09:23,55,54,63,59,,
06-10-2018,Saturday,11:50,71,70,79,74,,
06-10-2018,Saturday,17:30,74,71,78,77,,
06-10-2018,Saturday,19:32,73,72,82,77,,
07-10-2018,Sunday,09:25,45,44,53,47,,
07-10-2018,Sunday,11:25,53,51,61,53,,
07-10-2018,Sunday,17:20,66,59,69,62,,
07-10-2018,Sunday,19:20,63,62,77,67,,
07-10-2018,Sunday,19:28,62,61,76,66,,
07-10-2018,Monday,09:34,90,85,84,88,,
08-10-2018,Monday,17:00,64,59,77,65,,
07-10-2018,Monday,19:24,75,79,82,79,,
08-10-2018,Tuesday,09:23,87,87,85,82,,
08-10-2018,Tuesday,10:45,77,71,80,77,,
09-10-2018,Wednesday,09:25,85,83,84,79,,
09-10-2018,Wednesday ,10:30,88,75,82,80,,
10-10-2018,Wednesday ,11:28,73,74,82,76,,
10-10-2018,Wednesday,12:02,62,80,74,75,,
10-10-2018,Wednesday ,18:45,83,81,92,84,,
10-10-2018,Wednesday ,19:26,83,84,99,85,,
11-10-2018,Thursday,09:24,88,77,83,81,,
11-10-2018,Thursday,10:54,76,76,80,77,,
11-10-2018,Thursday,11:50,72,73,75,76,,
11-10-2018,Thursday,13:09,64,62,71,69,,
11-10-2018,Thursday,13:15,66,60,71,68,,
11-10-2018,Thrusday,13:22,66,61,71,68,,
11-10-2018,Thursday,17:50,73,70,80,74,,
11-10-2018,Thursday ,18:17,79,79,89,75,,
11-10-2018,Thursday ,19:18,82,84,103,88,,
12-10-2018,Friday,09:20,84,87,83,84,,
12-10-2018,Friday,10:30,79,72,83,82,,
12-10-2018,Friday,19:53,85,94,103,93,,
13-10-2018,Saturday,09:39,53,63,53,68,,
13-10-2018,Saturday ,10:47,61,61,70,64,,
13-10-2018,Saturday,11:55,65,63,75,68,,
13-10-2018,Saturday,17:00,80,70,77,73,,
13-10-2018,Saturday ,18:05,77,70,79,73,,
13-10-2018,Saturday,19:23,73,76,84,76,,
14-10-2018,Sunday,09:23,45,46,53,47,,
14-10-2018,Sunday,10:30,50,49,58,51,,
14-10-2018,Sunday,11:40,55,52,62,54,,
14-10-2018,Sunday,17:55,77,70,84,73,,
14-10-2018,Sunday ,18:04,72,67,80,69,,
14-10-2018,Sunday ,19:30,69,64,84,68,,
15-10-2018,Monday,09:25,98,89,87,89,,
15-10-2018,Monday ,10:30,81,70,79,77,,
15-10-2018,Monday,11:55,69,67,72,71,,
15-10-2018,Monday,03:00,70,69,78,63,,
15-10-2018,Monday,17:55,70,69,78,74,,
15-10-2018,Monday ,18:15,75,79,84,72,,
16-10-2018,Tuesday,09:32,91,87,87,82,,
16-10-2018,Tuesday,10:48,77,74,83,80,,
16-10-2018,Tuesday,11:30,73,73,80,78,,
16-10-2018,Tuesday,17:40,72,70,81,72,,
16-10-2018,Tuesday ,18:20,78,80,85,77,,
16-10-2018,Tuesday ,19:33,75,78,84,85,,
16-10-2018,Tuesday ,22:02,51,56,61,56,,
17-10-2018,Wednesday,09:35,85,89,91,81,,
17-10-2018,Wednesday,10:40,81,81,84,79,,
17-10-2018,Wednesday,17:50,85,83,99,83,,
17-10-2018,Wednesday ,18:15,85,86,94,90,,
17-10-2018,Wednesday,19:36,85,88,91,91,,
17-10-2018,Wednesday,21,85,87,89,88,,
18-10-2018,Thrusday,09:33,52,54,61,58,Dussera,
18-10-2018,Thursday ,10:30,53,57,60,54,Dussera,
18-10-2018,Thursday,11:45,55,54,63,62,Dussera,
18-10-2018,Thursday ,18:16,65,64,71,62,Dussera,
18-10-2018,Thursday ,19:34,64,65,74,67,Dussera,
18-10-2018,Thrusday,20:33,57,56,66,60,Dussera ,
19-10-2018,Friday,09:26,69,65,70,67,,
19-10-2018,Friday,10:22,64,64,70,67,,
19-10-2018,Friday,11:25,64,67,72,63,,
19-10-2018,Friday,11:40,62,61,69,67,,
19-10-2018,Friday,12:17,62,64,71,69,,
19-10-2018,Friday,18:05,69,69,74,67,,
19-10-2018,Friday,19:23,76,70,86,74,,
19-10-2018,Friday,20:51,58,59,67,66,,
20-10-2018,Saturday,09:25,55,54,62,59,,
20-10-2018,Saturday,10:50,63,59,74,65,,
20-10-2018,Saturday,11:05,62,61,73,67,,
20-10-2018,Saturday,12:06,64,64,75,69,,
20-10-2018,Saturday,17:05,69,61,75,67,,
20-10-2018,Saturday ,18:17,72,72,79,65,,
20-10-2018,Saturday ,19:24,68,74,83,76,,
20-10-2018,Saturday,20:15,65,67,76,70,,
21-10-2018,Sunday,09:25,45,44,52,47,,
21-10-2018,Sunday,10:30,60,51,58,49,,
21-10-2018,Sunday,11:12,53,51,60,56,,
21-10-2018,Sunday,12:30,55,53,64,56,,
21-10-2018,Sunday,17:01,76,72,84,73,,
21-10-2018,Sunday ,18:36,68,69,73,69,,
21-10-2018,Sunday ,19:24,69,60,72,65,,
21-10-2018,Sunday,20:52,58,55,63,58,,
22-10-2018,Monday,09:25,89,98,88,93,,
22-10-2018,Monday,10:45,75,75,75,78,,
22-10-2018,Monday,11:05,72,72,74,74,,
22-10-2018,Monday,12:59,64,61,71,68,,
22-10-2018,Monday,17:00,66,61,71,67,,
22-10-2018,Monday,18:15,73,70,86,70,,
22-10-2018,Monday,19:23,75,74,81,74,,
22-10-2018,Monday,20:04,65,66,72,69,,
23-10-2018,Tuesday,09:18,79,77,80,80,,
23-10-2018,Tuesday ,10:35,72,75,82,79,,
23-10-2018,Tuesday,11:20,70,71,72,76,,
23-10-2018,Tuesday,12:59,58,58,67,64,,
23-10-2018,Tuesday,17:00,73,65,88,68,,
23-10-2018,Tuesday,18:30,72,74,83,75,,
23-10-2018,Tuesday,19:35,69,76,84,77,,
23-10-2018,Tuesday,20:25,64,67,72,68,,
24-10-2018,Wednesday,09:35,76,81,81,75,,
24-10-2018,Wednesday ,11,73,76,73,70,,
24-10-2018,Wednesday,11:10,71,73,72,74,,
24-10-2018,Wednesday,12:17,65,69,69,71,,
24-10-2018,Wednesday,17:10,69,65,79,68,,
24-10-2018,Wednesday ,18:23,68,75,85,71,,
25-10-2018,Thursday,09:35,73,73,80,80,,
25-10-2018,Thursday,10:55,72,71,80,76,,
25-10-2018,Thursday,11:40,74,71,79,79,,
25-10-2018,Thursday,12:15,66,67,70,71,,
25-10-2018,Thursday,17:45,67,70,86,70,,
25-10-2018,Thursday ,20:59,62,64,70,68,,
26-10-2018,Friday,09:27,87,90,90,85,,
26-10-2018,Friday,11:10,71,77,81,73,,
26-10-2018,Friday,17:00,60,64,82,71,,
26-10-2018,Friday ,18:30,75,84,87,81,,
26-10-2018,Friday ,19:32,80,86,87,90,,
26-10-2018,Friday ,20:33,68,74,76,81,,
27-10-2018,Saturday,09:24,54,53,62,58,,
27-10-2018,Saturday ,10:40,57,62,66,57,,
27-10-2018,Saturday,17:55,70,66,76,68,,
27-10-2018,Saturday ,18:35,67,72,74,65,,
27-10-2018,Saturday ,19:25,67,73,79,69,,
27-10-2018,Saturday,20:59,55,56,66,59,,
28-10-2018,Sunday,09:27,46,46,55,48,,
28-10-2018,Sunday,10:30,51,51,58,50,,
28-10-2018,Sunday,11:40,55,52,63,54,,
28-10-2018,Sunday,12:48,56,52,62,56,,
28-10-2018,Sunday,17:25,62,56,69,60,,
28-10-2018,Sunday ,18:30,62,62,69,59,,
29-10-2018,Monday ,19:34,62,58,71,59,,
28-10-2018,Sunday,20:59,57,54,63,57,,
29-10-2018,Monday ,09:18,91,91,84,87,,
29-10-2018,Monday ,10:45,73,56,75,67,,
29-10-2018,Monday ,19:38,71,71,80,75,,
30-10-2018,Tuesday,09:24,85,86,79,75,,
30-10-2018,Tuesday,11:50,67,73,78,73,,
30-10-2018,Tuesday,17:25,73,71,83,74,,
30-10-2018,Tuesday ,18:30,87,89,92,88,,
30-10-2018,Tuesday ,19:49,77,80,83,88,,
30-10-2018,Tuesday,20:10,74,81,89,88,,
31-10-2018,Wednesday,09:26,79,83,82,82,,
31-10-2018,Wednesday ,10:30,74,75,78,78,,
31-10-2018,Wednesday,12:02,68,70,71,74,,
31-10-2018,Wednesday,17:45,70,70,76,77,,
31-10-2018,Wednesday,19:28,75,79,83,82,,
31-10-2018,Wednesday ,20:59,65,63,69,69,,
01-11-2018,Thursday,09:24,84,83,81,79,,
01-11-2018,Thursday ,10:30,77,76,77,78,,
01-11-2018,Thrusday,12:04,63,68,71,70,,
01-11-2018,Thursday,17:30,69,72,80,75,,
01-11-2018,Thursday,19:47,74,73,81,83,,
01-11-2018,Thursday ,20:54,64,65,75,74,,
02-11-2018,Friday,09:35,85,83,85,82,,
02-11-2018,Friday ,10:42,77,76,73,79,,
02-11-2018,Friday ,12:32,64,71,73,78,,
02-11-2018,Friday,18:40,76,88,89,87,,
02-11-2018,Friday,19:37,81,83,85,93,,
03-11-2018,Saturday,09:34,56,55,64,60,,
03-11-2018,Saturday ,10:30,61,66,70,59,,
03-11-2018,Saturday,12:53,75,70,83,76,,
03-11-2018,Saturday,17:30,82,75,86,82,,
03-11-2018,Saturday ,18:31,87,91,85,78,,
03-11-2018,Saturday ,19:39,80,72,86,81,,
03-11-2018,Saturday,20:16,77,72,83,77,,
04-11-2018,Sunday,09:45,48,45,56,48,,
04-11-2018,Sunday,10:52,51,49,59,53,,
04-11-2018,Sunday,11:05,53,52,61,53,,
04-11-2018,Sunday,17:55,67,57,75,65,,
04-11-2018,Sunday ,18:11,67,63,76,57,,
04-11-2018,Sunday ,19:34,70,59,75,65,,
04-11-2018,Sunday ,20:18,63,56,71,60,,
05-11-2018,Monday,09:16,84,79,81,75,,
05-11-2018,Monday,17:12,71,75,79,80,,
05-11-2018,Monday,18:48,83,87,96,86,,
05-11-2018,Monday,19:37,87,83,98,86,,
05-11-2018,Monday,20:06,78,86,96,80,,
06-11-2018,Tuesday,09:34,76,74,79,75,,
06-11-2018,Tuesday,11:20,73,76,78,79,,
06-11-2018,Tuesday ,18:20,81,85,90,83,,
06-11-2018,Tuesday ,19:24,77,79,91,89,,
06-11-2018,Tuesday ,20:51,62,62,72,68,,
07-11-2018,Wednesday,09:25,50,51,60,54,Diwali,
07-11-2018,Wednesday ,10:20,53,54,60,51,Diwali ,
07-11-2018,Wednesday,11:30,55,53,64,58,Diwali,
07-11-2018,Wednesday ,18:05,57,61,63,57,Diwali ,
07-11-2018,Wednesday ,19:26,57,54,65,58,Diwali ,
07-11-2018,Wednesday ,20:02,63,62,73,66,Diwali ,
08-11-2018,Thrusday,09:30,52,53,60,56,Diwali ,
08-11-2018,Thrusday,12:40,59,57,69,61,Diwali,
08-11-2018,Thursday,17:55,63,66,72,64,Diwali,
08-10-2018,Thursday ,18:04,67,67,73,64,Diwali ,
08-10-2018,Thursday ,19:38,63,63,73,66,Diwali ,
08-10-2018,Thursday,20:01,59,58,68,62,Diwali,
09-10-2018,Friday,09:25,56,57,62,60,Diwali,
09-10-2018,Friday,11:25,61,62,69,65,Diwali,
09-10-2018,Friday ,12:59,62,61,69,65,Diwali,
09-10-2018,Friday,17:25,65,63,69,66,Diwali,
09-10-2018,Friday ,07:25,74,77,81,80,Diwali,
10-10-2018,Saturday,09:25,50,49,56,51,,
10-10-2018,Saturday,10:53,55,53,65,57,,
10-10-2018,Saturday,11:52,60,58,69,61,,
10-10-2018,Saturday,12:59,61,58,69,63,,
10-10-2018,Saturday,17:55,66,61,70,64,,
10-10-2018,Saturday,19:23,68,65,76,67,,
10-11-2018,Saturday,20:27,63,59,69,63,,
11-11-2018,Sunday,09:23,46,43,51,46,,
11-11-2018,Sunday ,10:30,50,50,55,47,,
11-11-2018,Sunday ,11:45,55,54,61,51,,
11-11-2018,Sunday ,18:18,66,68,74,67,,
11-11-2018,Sunday ,19:25,70,65,75,69,,
11-11-2018,Sunday,20:41,59,54,66,60,,
12-11-2018,Monday,09:25,87,83,84,79,,
12-11-2018,Monday,11:30,63,64,68,70,,
12-11-2018,Monday,12:59,60,59,69,66,,
12-11-2018,Monday,17:02,67,62,73,68,,
12-11-2018,Monday ,18:15,72,75,77,73,,
12-11-2018,Monday ,19:13,80,83,84,73,,
12-11-2018,Monday,20:36,68,64,71,70,,
13-11-2018,Tuesday,09:24,83,75,81,70,,
13-11-2018,Tuesday,11:30,70,71,73,77,,
13-11-2018,Tuesday,12:47,67,61,72,71,,
13-11-2018,Tuesday,19:25,77,83,84,85,,
14-11-2018,Wednesday,09:27,79,77,83,85,,
14-11-2018,Wednesday,12:58,67,64,70,71,,
14-11-2018,Wednesday ,18:15,73,84,80,74,,
14-11-2018,Wednesday ,19:36,78,80,85,74,,
14-11-2018,Wednesday,20:19,69,70,74,73,,
15-11-2018,Thursday,09:25,79,80,81,73,,
15-11-2018,Thursday ,10:58,77,76,74,75,,
15-11-2018,Thursday,11:20,71,73,76,86,,
15-11-2018,Thursday,12:37,65,65,69,86,,
15-11-2018,Thursday,17:30,69,67,78,73,,
15-11-2018,Thursday ,18:37,80,91,89,86,,
15-11-2018,Thursday ,19:24,81,84,84,86,,
15-11-2018,Thrusday,20:22,67,78,75,78,,
16-11-2018,Friday,09:46,84,72,82,74,,
16-11-2018,Friday,10:42,86,78,83,79,,
16-11-2018,Friday,11:20,76,75,78,78,,
16-11-2018,Friday,12:45,65,62,69,70,,
16-11-2018,Friday,07:24,78,83,86,89,,
16-11-2018,Friday,20:23,75,82,79,86,,
17-11-2018,Saturday,09:05,53,53,62,58,,
17-11-2018,Saturday ,18:25,76,79,80,73,,
17-11-2018,Saturday ,19:30,75,72,80,77,,
17-11-2018,Sunday,09:24,46,46,54,48,,
18-11-2018,Sunday,12:46,52,56,63,56,,
18-11-2018,Sunday,19:34,63,60,72,56,,
19-11-2018,Monday,09:48,81,72,79,56,,
19-11-2018,Monday,12:56,60,56,67,63,,
19-11-2018,Monday,17:25,64,65,71,67,,
20-11-2018,Tuesday,19:51,76,77,81,67,,
21-11-2018,Wednesday,09:32,71,70,75,73,,
21-11-2018,Wednesday,19:39,79,68,88,75,,
21-11-2018,Wednesday,20:48,58,58,67,63,,
22-11-2018,Thursday,09:14,80,75,82,77,,
22-11-2018,Thursday,19:31,81,80,84,77,,
23-11-2018,Friday,09:49,72,68,83,77,,
23-11-2018,Friday,11:50,65,67,71,70,,
23-11-2018,Friday,17:39,75,76,79,85,,
24-11-2018,Saturday,09:54,56,56,67,60,,
24-11-2018,Saturday,19:32,76,73,83,78,,
24-11-2018,Sunday,17:00,67,60,70,62,,
26-11-2018,Monday,09:42,84,81,85,83,,
26-11-2018,Monday,10:29,74,77,76,77,,
26-11-2018,Monday,11:31,71,72,82,73,,
26-11-2018,Monday,12:47,68,62,73,75,,
26-11-2018,Monday,17:35,75,65,81,72,,
26-11-2018,Monday,18:26,69,82,80,70,,
26-11-2018,Monday,19:52,71,85,90,76,,
26-11-2018,Monday,20:24,62,64,83,85,,
27-11-2018,Tuesday,09:34,88,82,82,80,,
27-11-2018,Tuesday,10:37,75,76,74,78,,
27-11-2018,Tuesday,11:14,73,74,73,77,,
27-11-2018,Tuesday,12:19,63,60,70,72,,
27-11-2018,Tuesday,17:37,75,69,79,70,,
27-11-2018,Tuesday,18:55,71,71,85,73,,
27-11-2018,Tuesday,19:26,70,84,81,76,,
27-11-2018,Tuesday,20:04,58,63,77,79,,
28-11-2018,Wednesday,09:33,82,85,77,77,,
28-11-2018,Wednesday,10:09,81,78,78,74,,
28-11-2018,Wednesday,11:23,72,70,75,74,,
28-11-2018,Wednesday,12:34,63,67,73,70,,
28-11-2018,Wednesday,17:39,71,61,80,76,,
28-11-2018,Wednesday,18:09,73,72,80,74,,
28-11-2018,Wednesday,19:38,77,84,80,73,,
28-11-2018,Wednesday,20:58,59,63,77,80,,
29-11-2018,Thursday,09:27,83,82,85,85,,
29-11-2018,Thursday,10:04,83,79,75,81,,
29-11-2018,Thursday,11:23,70,71,77,76,,
29-11-2018,Thursday,12:43,67,69,72,68,,
29-11-2018,Thursday,17:34,71,67,81,72,,
29-11-2018,Thursday,18:55,70,84,82,75,,
29-11-2018,Thursday,19:33,77,80,84,75,,
29-11-2018,Thursday,20:08,61,69,75,82,,
30-11-2018,Friday,09:35,83,87,77,81,,
30-11-2018,Friday,10:27,79,71,78,73,,
30-11-2018,Friday,11:13,75,74,75,78,,
30-11-2018,Friday,12:31,68,61,74,69,,
30-11-2018,Friday,17:07,71,62,81,75,,
30-11-2018,Friday,18:42,65,70,82,75,,
30-11-2018,Friday,19:51,75,84,86,74,,
30-11-2018,Friday,20:21,62,56,78,85,,
01-12-2018,Saturday,09:48,41,64,57,52,,
01-12-2018,Saturday,10:14,54,55,70,64,,
01-12-2018,Saturday,11:46,61,59,72,66,,
01-12-2018,Saturday,12:21,59,65,78,73,,
01-12-2018,Saturday,17:37,72,66,68,62,,
01-12-2018,Saturday,18:33,73,66,78,60,,
01-12-2018,Saturday,19:31,68,72,76,75,,
01-12-2018,Saturday,20:54,60,72,71,74,,
02-12-2018,Sunday,09:08,52,46,54,60,,
02-12-2018,Sunday,10:39,51,48,58,45,,
02-12-2018,Sunday,11:21,57,52,58,54,,
02-12-2018,Sunday,12:58,58,51,72,60,,
02-12-2018,Sunday,17:56,70,68,67,64,,
02-12-2018,Sunday,18:02,66,68,74,65,,
02-12-2018,Sunday,19:43,71,72,76,75,,
02-12-2018,Sunday,20:51,62,72,74,73,,
03-12-2018,Monday,09:30,85,89,84,78,,
03-12-2018,Monday,10:22,73,72,80,81,,
03-12-2018,Monday,11:01,70,72,78,78,,
03-12-2018,Monday,12:33,64,63,70,69,,
03-12-2018,Monday,17:35,70,70,78,70,,
03-12-2018,Monday,18:22,75,83,85,75,,
03-12-2018,Monday,19:01,75,85,84,74,,
03-12-2018,Monday,20:27,65,63,78,84,,
04-12-2018,Tuesday,09:48,90,89,79,76,,
04-12-2018,Tuesday,10:18,79,80,77,74,,
04-12-2018,Tuesday,11:18,71,74,81,74,,
04-12-2018,Tuesday,12:56,63,60,70,70,,
04-12-2018,Tuesday,17:24,74,60,75,76,,
04-12-2018,Tuesday,18:03,68,79,81,71,,
04-12-2018,Tuesday,19:43,77,81,90,79,,
04-12-2018,Tuesday,20:44,60,68,84,80,,
05-12-2018,Wednesday,09:39,87,90,83,83,,
05-12-2018,Wednesday,10:20,80,73,77,74,,
05-12-2018,Wednesday,11:53,74,73,81,81,,
05-12-2018,Wednesday,12:42,65,62,72,70,,
05-12-2018,Wednesday,17:33,73,69,82,70,,
05-12-2018,Wednesday,18:40,73,75,82,70,,
05-12-2018,Wednesday,19:01,77,83,87,80,,
05-12-2018,Wednesday,20:46,61,60,80,81,,
06-12-2018,Thursday,09:17,89,81,77,84,,
06-12-2018,Thursday,10:56,77,80,81,80,,
06-12-2018,Thursday,11:32,73,73,82,76,,
06-12-2018,Thursday,12:05,65,64,74,72,,
06-12-2018,Thursday,17:07,70,60,80,72,,
06-12-2018,Thursday,18:11,74,70,83,74,,
06-12-2018,Thursday,19:19,76,84,82,76,,
06-12-2018,Thursday,20:21,56,67,83,78,,
07-12-2018,Friday,09:53,88,82,82,84,,
07-12-2018,Friday,10:34,73,71,82,72,,
07-12-2018,Friday,11:49,75,70,73,80,,
07-12-2018,Friday,12:13,62,68,71,69,,
07-12-2018,Friday,17:56,73,62,77,76,,
07-12-2018,Friday,18:32,75,84,80,73,,
07-12-2018,Friday,19:45,70,83,84,72,,
07-12-2018,Friday,20:29,62,60,83,85,,
08-12-2018,Saturday,09:26,49,57,56,54,,
08-12-2018,Saturday,10:13,53,59,74,62,,
08-12-2018,Saturday,11:58,67,60,75,65,,
08-12-2018,Saturday,12:18,55,61,78,72,,
08-12-2018,Saturday,17:06,70,66,65,57,,
08-12-2018,Saturday,18:13,76,66,76,59,,
08-12-2018,Saturday,19:42,68,71,73,71,,
08-12-2018,Saturday,20:53,61,71,74,74,,
09-12-2018,Sunday,09:51,44,44,53,58,,
09-12-2018,Sunday,10:28,52,49,58,49,,
09-12-2018,Sunday,11:21,58,52,58,51,,
09-12-2018,Sunday,12:58,59,53,74,60,,
09-12-2018,Sunday,17:22,75,60,67,59,,
09-12-2018,Sunday,18:22,70,68,70,55,,
09-12-2018,Sunday,19:47,65,69,80,74,,
09-12-2018,Sunday,20:46,56,69,72,73,,
10-12-2018,Monday,09:19,80,82,82,81,,
10-12-2018,Monday,10:07,81,74,80,70,,
10-12-2018,Monday,11:56,75,71,75,79,,
10-12-2018,Monday,12:33,63,61,74,74,,
10-12-2018,Monday,17:53,73,67,79,75,,
10-12-2018,Monday,18:49,75,73,81,75,,
10-12-2018,Monday,19:13,74,82,86,74,,
10-12-2018,Monday,20:40,59,62,78,83,,
11-12-2018,Tuesday,09:20,88,80,81,75,,
11-12-2018,Tuesday,10:44,83,74,78,73,,
11-12-2018,Tuesday,11:10,71,74,77,82,,
11-12-2018,Tuesday,12:57,67,61,73,69,,
11-12-2018,Tuesday,17:36,75,60,83,71,,
11-12-2018,Tuesday,18:54,72,84,85,70,,
11-12-2018,Tuesday,19:12,71,84,84,73,,
11-12-2018,Tuesday,20:11,67,59,82,77,,
12-12-2018,Wednesday,09:13,88,80,83,81,,
12-12-2018,Wednesday,10:14,78,78,83,75,,
12-12-2018,Wednesday,11:04,71,74,78,79,,
12-12-2018,Wednesday,12:16,67,68,75,73,,
12-12-2018,Wednesday,17:09,70,70,75,76,,
12-12-2018,Wednesday,18:16,72,70,85,72,,
12-12-2018,Wednesday,19:02,71,82,84,73,,
12-12-2018,Wednesday,20:21,65,59,82,80,,
13-12-2018,Thursday,09:32,90,87,82,80,,
13-12-2018,Thursday,10:39,75,79,81,79,,
13-12-2018,Thursday,11:30,73,73,78,79,,
13-12-2018,Thursday,12:13,66,66,75,72,,
13-12-2018,Thursday,17:55,75,60,82,75,,
13-12-2018,Thursday,18:38,74,74,81,74,,
13-12-2018,Thursday,19:22,76,85,81,77,,
13-12-2018,Thursday,20:49,59,56,83,79,,
14-12-2018,Friday,09:31,89,85,81,80,,
14-12-2018,Friday,10:51,73,75,78,79,,
14-12-2018,Friday,11:27,74,75,79,75,,
14-12-2018,Friday,12:18,68,70,74,73,,
14-12-2018,Friday,17:30,70,61,80,70,,
14-12-2018,Friday,18:08,66,73,85,71,,
14-12-2018,Friday,19:37,74,84,82,79,,
14-12-2018,Friday,20:25,58,56,81,80,,
15-12-2018,Saturday,09:54,52,59,55,54,,
15-12-2018,Saturday,10:41,54,60,72,62,,
15-12-2018,Saturday,11:09,66,59,71,70,,
15-12-2018,Saturday,12:04,61,63,77,75,,
15-12-2018,Saturday,17:23,75,68,67,62,,
15-12-2018,Saturday,18:36,76,66,77,59,,
15-12-2018,Saturday,19:55,70,68,79,70,,
15-12-2018,Saturday,20:04,57,68,67,65,,
16-12-2018,Sunday,09:25,43,45,54,54,,
16-12-2018,Sunday,10:33,51,49,56,45,,
16-12-2018,Sunday,11:09,54,51,61,52,,
16-12-2018,Sunday,12:37,57,52,74,55,,
16-12-2018,Sunday,17:32,75,67,69,65,,
16-12-2018,Sunday,18:45,70,67,71,58,,
16-12-2018,Sunday,19:45,68,66,79,70,,
16-12-2018,Sunday,20:55,60,66,65,73,,
17-12-2018,Monday,09:07,84,83,79,81,,
17-12-2018,Monday,10:45,76,72,81,75,,
17-12-2018,Monday,11:54,72,70,73,80,,
17-12-2018,Monday,12:53,65,61,71,71,,
17-12-2018,Monday,17:48,71,70,82,80,,
17-12-2018,Monday,18:45,66,76,82,71,,
17-12-2018,Monday,19:35,77,84,87,74,,
17-12-2018,Monday,20:02,55,59,82,79,,
18-12-2018,Tuesday,09:58,85,87,84,75,,
18-12-2018,Tuesday,10:22,79,77,82,77,,
18-12-2018,Tuesday,11:57,71,71,80,81,,
18-12-2018,Tuesday,12:15,64,68,73,75,,
18-12-2018,Tuesday,17:19,72,63,78,80,,
18-12-2018,Tuesday,18:35,65,72,83,75,,
18-12-2018,Tuesday,19:32,73,84,90,73,,
18-12-2018,Tuesday,20:25,62,70,84,76,,
19-12-2018,Wednesday,09:25,80,81,75,85,,
19-12-2018,Wednesday,10:13,76,72,73,79,,
19-12-2018,Wednesday,11:58,75,74,78,76,,
19-12-2018,Wednesday,12:00,68,61,72,70,,
19-12-2018,Wednesday,17:40,72,63,77,79,,
19-12-2018,Wednesday,18:20,68,81,82,70,,
19-12-2018,Wednesday,19:32,77,84,82,78,,
19-12-2018,Wednesday,20:20,65,65,78,85,,
20-12-2018,Thursday,09:21,80,84,80,77,,
20-12-2018,Thursday,10:07,81,76,82,77,,
20-12-2018,Thursday,11:30,71,72,76,81,,
20-12-2018,Thursday,12:45,64,62,71,68,,
20-12-2018,Thursday,17:49,74,62,83,74,,
20-12-2018,Thursday,18:50,69,70,84,72,,
20-12-2018,Thursday,19:42,76,84,80,75,,
20-12-2018,Thursday,20:58,60,56,77,76,,
21-12-2018,Friday,09:16,81,81,76,83,,
21-12-2018,Friday,10:11,74,78,77,76,,
21-12-2018,Friday,11:34,74,74,78,75,,
21-12-2018,Friday,12:03,63,66,71,70,,
21-12-2018,Friday,17:07,73,65,81,78,,
21-12-2018,Friday,18:51,69,76,82,72,,
21-12-2018,Friday,19:38,76,84,84,80,,
21-12-2018,Friday,20:51,59,69,80,75,,
22-12-2018,Saturday,09:46,52,64,57,52,,
22-12-2018,Saturday,10:31,52,60,72,62,,
22-12-2018,Saturday,11:01,64,61,75,67,,
22-12-2018,Saturday,12:29,55,65,80,74,,
22-12-2018,Saturday,17:03,72,68,69,68,,
22-12-2018,Saturday,18:13,70,69,75,62,,
22-12-2018,Saturday,19:00,66,66,71,66,,
22-12-2018,Saturday,20:16,62,66,70,67,,
23-12-2018,Sunday,09:37,53,49,54,59,,
23-12-2018,Sunday,10:04,61,48,60,49,,
23-12-2018,Sunday,11:43,56,50,57,55,,
23-12-2018,Sunday,12:00,62,50,74,56,,
23-12-2018,Sunday,17:42,72,67,65,66,,
23-12-2018,Sunday,18:57,68,69,73,65,,
23-12-2018,Sunday,19:08,73,67,77,70,,
23-12-2018,Sunday,20:18,55,67,70,72,,
24-12-2018,Monday,09:19,84,88,80,80,,
24-12-2018,Monday,10:32,80,78,77,78,,
24-12-2018,Monday,11:50,73,74,76,80,,
24-12-2018,Monday,12:01,67,69,73,74,,
24-12-2018,Monday,17:55,70,61,81,70,,
24-12-2018,Monday,18:40,72,70,84,73,,
24-12-2018,Monday,19:32,77,84,80,74,,
24-12-2018,Monday,20:31,66,60,76,75,,
25-12-2018,Tuesday,09:42,81,86,78,85,,
25-12-2018,Tuesday,10:29,73,78,83,74,,
25-12-2018,Tuesday,11:08,71,72,73,79,,
25-12-2018,Tuesday,12:18,68,63,73,72,,
25-12-2018,Tuesday,17:26,71,61,78,79,,
25-12-2018,Tuesday,18:43,66,84,85,73,,
25-12-2018,Tuesday,19:44,73,81,82,77,,
25-12-2018,Tuesday,20:26,66,58,77,85,,
26-12-2018,Wednesday,09:05,89,81,84,79,,
26-12-2018,Wednesday,10:26,83,77,81,73,,
26-12-2018,Wednesday,11:41,73,73,82,75,,
26-12-2018,Wednesday,12:03,66,64,70,75,,
26-12-2018,Wednesday,17:42,71,69,81,80,,
26-12-2018,Wednesday,18:30,73,76,84,74,,
26-12-2018,Wednesday,19:39,71,81,84,73,,
26-12-2018,Wednesday,20:47,59,55,85,81,,
27-12-2018,Thursday,09:51,83,85,78,77,,
27-12-2018,Thursday,10:10,73,78,76,72,,
27-12-2018,Thursday,11:22,74,71,82,74,,
27-12-2018,Thursday,12:52,62,68,73,73,,
27-12-2018,Thursday,17:49,71,68,77,70,,
27-12-2018,Thursday,18:21,68,83,80,74,,
27-12-2018,Thursday,19:41,72,84,89,79,,
27-12-2018,Thursday,20:00,66,64,85,84,,
28-12-2018,Friday,09:58,83,87,76,82,,
28-12-2018,Friday,10:41,81,78,78,76,,
28-12-2018,Friday,11:28,73,70,81,78,,
28-12-2018,Friday,12:25,65,68,71,70,,
28-12-2018,Friday,17:26,70,65,75,76,,
28-12-2018,Friday,18:09,69,73,83,70,,
28-12-2018,Friday,19:19,75,85,90,76,,
28-12-2018,Friday,20:00,67,63,82,76,,
29-12-2018,Saturday,09:48,53,56,55,51,,
29-12-2018,Saturday,10:51,64,60,70,64,,
29-12-2018,Saturday,11:01,61,60,72,69,,
29-12-2018,Saturday,12:57,60,63,80,72,,
29-12-2018,Saturday,17:36,79,61,69,63,,
29-12-2018,Saturday,18:21,70,69,79,55,,
29-12-2018,Saturday,19:11,70,71,72,75,,
29-12-2018,Saturday,20:36,59,71,69,71,,
30-12-2018,Sunday,09:00,55,47,53,60,,
30-12-2018,Sunday,10:22,64,50,57,47,,
30-12-2018,Sunday,11:00,57,50,56,51,,
30-12-2018,Sunday,12:34,57,50,75,56,,
30-12-2018,Sunday,17:42,78,60,65,69,,
30-12-2018,Sunday,18:28,67,68,75,59,,
30-12-2018,Sunday,19:40,69,69,79,69,,
30-12-2018,Sunday,20:13,55,69,73,71,,
31-12-2018,Monday,09:33,83,84,84,76,,
31-12-2018,Monday,10:41,77,73,80,78,,
31-12-2018,Monday,11:05,75,73,73,74,,
31-12-2018,Monday,12:07,61,63,71,73,,
31-12-2018,Monday,17:43,71,69,75,79,,
31-12-2018,Monday,18:37,72,70,81,72,,
31-12-2018,Monday,19:26,76,80,80,73,,
31-12-2018,Monday,20:08,55,67,84,77,,
01-01-2019,Tuesday,09:28,85,80,76,83,,
01-01-2019,Tuesday,10:07,82,74,76,73,,
01-01-2019,Tuesday,11:39,71,71,74,75,,
01-01-2019,Tuesday,12:00,63,60,70,72,,
01-01-2019,Tuesday,17:11,75,66,80,75,,
01-01-2019,Tuesday,18:09,73,78,81,74,,
01-01-2019,Tuesday,19:40,77,85,89,75,,
01-01-2019,Tuesday,20:54,56,55,81,79,,
02-01-2019,Wednesday,09:05,90,87,82,79,,
02-01-2019,Wednesday,10:03,82,78,83,75,,
02-01-2019,Wednesday,11:31,71,75,80,75,,
02-01-2019,Wednesday,12:35,62,60,72,71,,
02-01-2019,Wednesday,17:22,70,67,78,78,,
02-01-2019,Wednesday,18:01,67,83,85,71,,
02-01-2019,Wednesday,19:54,76,80,87,77,,
02-01-2019,Wednesday,20:54,58,61,76,85,,
03-01-2019,Thursday,09:54,90,90,84,82,,
03-01-2019,Thursday,10:13,83,72,79,81,,
03-01-2019,Thursday,11:13,72,75,82,77,,
03-01-2019,Thursday,12:31,61,69,71,68,,
03-01-2019,Thursday,17:04,71,67,75,80,,
03-01-2019,Thursday,18:51,74,84,81,75,,
03-01-2019,Thursday,19:15,71,83,90,72,,
03-01-2019,Thursday,20:25,59,62,78,84,,
04-01-2019,Friday,09:29,86,85,81,80,,
04-01-2019,Friday,10:14,77,80,77,71,,
04-01-2019,Friday,11:27,74,72,73,78,,
04-01-2019,Friday,12:49,64,68,72,70,,
04-01-2019,Friday,17:01,71,69,81,74,,
04-01-2019,Friday,18:03,71,77,81,73,,
04-01-2019,Friday,19:51,75,85,88,75,,
04-01-2019,Friday,20:23,67,64,76,77,,
05-01-2019,Saturday,09:53,46,59,61,53,,
05-01-2019,Saturday,10:14,62,59,73,63,,
05-01-2019,Saturday,11:14,69,59,71,68,,
05-01-2019,Saturday,12:04,56,64,80,70,,
05-01-2019,Saturday,17:52,71,61,66,63,,
05-01-2019,Saturday,18:11,71,67,79,59,,
05-01-2019,Saturday,19:33,68,71,73,68,,
05-01-2019,Saturday,20:10,62,71,72,65,,
06-01-2019,Sunday,09:33,40,45,50,60,,
06-01-2019,Sunday,10:42,50,50,60,48,,
06-01-2019,Sunday,11:45,58,50,59,55,,
06-01-2019,Sunday,12:25,56,51,75,58,,
06-01-2019,Sunday,17:04,73,62,66,56,,
06-01-2019,Sunday,18:53,68,69,72,59,,
06-01-2019,Sunday,19:29,74,68,74,74,,
06-01-2019,Sunday,20:06,61,68,72,66,,
07-01-2019,Monday,09:33,85,85,75,81,,
07-01-2019,Monday,10:43,73,73,82,70,,
07-01-2019,Monday,11:56,75,72,79,81,,
07-01-2019,Monday,12:30,66,69,72,70,,
07-01-2019,Monday,17:26,73,65,77,70,,
07-01-2019,Monday,18:31,66,73,84,75,,
07-01-2019,Monday,19:11,75,85,82,80,,
07-01-2019,Monday,20:16,55,62,81,75,,
08-01-2019,Tuesday,09:35,87,88,80,79,,
08-01-2019,Tuesday,10:35,75,77,79,71,,
08-01-2019,Tuesday,11:43,74,75,75,76,,
08-01-2019,Tuesday,12:26,61,62,72,74,,
08-01-2019,Tuesday,17:40,73,68,79,75,,
08-01-2019,Tuesday,18:00,69,77,82,72,,
08-01-2019,Tuesday,19:25,71,81,81,72,,
08-01-2019,Tuesday,20:56,61,66,83,78,,
09-01-2019,Wednesday,09:21,81,80,82,78,,
09-01-2019,Wednesday,10:31,81,80,74,77,,
09-01-2019,Wednesday,11:22,75,71,76,80,,
09-01-2019,Wednesday,12:05,66,69,72,74,,
09-01-2019,Wednesday,17:54,70,64,83,80,,
09-01-2019,Wednesday,18:17,72,71,82,75,,
09-01-2019,Wednesday,19:57,71,81,86,72,,
09-01-2019,Wednesday,20:16,56,61,80,77,,
10-01-2019,Thursday,09:57,86,82,78,75,,
10-01-2019,Thursday,10:02,82,71,81,76,,
10-01-2019,Thursday,11:02,71,70,79,78,,
10-01-2019,Thursday,12:37,62,65,74,68,,
10-01-2019,Thursday,17:24,75,62,79,80,,
10-01-2019,Thursday,18:37,67,81,83,70,,
10-01-2019,Thursday,19:41,72,82,85,73,,
10-01-2019,Thursday,20:38,66,63,81,75,,
11-01-2019,Friday,09:00,82,82,80,75,,
11-01-2019,Friday,10:39,82,77,81,81,,
11-01-2019,Friday,11:11,72,74,83,83,,
11-01-2019,Friday,12:20,65,67,74,75,,
11-01-2019,Friday,17:32,72,63,77,80,,
11-01-2019,Friday,18:35,73,74,82,73,,
11-01-2019,Friday,19:26,76,83,81,78,,
11-01-2019,Friday,20:32,55,59,82,83,,
12-01-2019,Saturday,09:24,41,55,57,54,,
12-01-2019,Saturday,10:34,53,60,70,64,,
12-01-2019,Saturday,11:05,60,59,75,70,,
12-01-2019,Saturday,12:22,59,60,79,75,,
12-01-2019,Saturday,17:40,72,66,67,57,,
12-01-2019,Saturday,18:40,72,70,77,65,,
12-01-2019,Saturday,19:22,68,65,74,72,,
12-01-2019,Saturday,20:35,55,65,68,70,,
13-01-2019,Sunday,09:41,46,44,52,54,,
13-01-2019,Sunday,10:30,60,49,56,48,,
13-01-2019,Sunday,11:40,58,50,57,50,,
13-01-2019,Sunday,12:11,63,52,70,55,,
13-01-2019,Sunday,17:19,70,62,67,65,,
13-01-2019,Sunday,18:07,67,67,73,62,,
13-01-2019,Sunday,19:57,65,65,70,72,,
13-01-2019,Sunday,20:19,55,65,75,70,,
14-01-2019,Monday,09:48,89,84,79,80,,
14-01-2019,Monday,10:26,74,72,82,80,,
14-01-2019,Monday,11:25,72,75,76,78,,
14-01-2019,Monday,12:47,64,67,73,72,,
14-01-2019,Monday,17:50,70,64,80,75,,
14-01-2019,Monday,18:46,68,72,82,71,,
14-01-2019,Monday,19:27,77,80,80,77,,
14-01-2019,Monday,20:05,58,65,77,76,,
15-01-2019,Tuesday,09:52,82,83,81,82,,
15-01-2019,Tuesday,10:18,76,77,81,75,,
15-01-2019,Tuesday,11:06,70,70,78,79,,
15-01-2019,Tuesday,12:17,68,69,72,73,,
15-01-2019,Tuesday,17:31,73,64,79,80,,
15-01-2019,Tuesday,18:00,71,76,83,70,,
15-01-2019,Tuesday,19:47,74,85,90,80,,
15-01-2019,Tuesday,20:25,61,67,79,81,,
16-01-2019,Wednesday,09:40,86,81,78,79,,
16-01-2019,Wednesday,10:24,76,71,75,76,,
16-01-2019,Wednesday,11:25,74,74,79,82,,
16-01-2019,Wednesday,12:24,67,68,75,73,,
16-01-2019,Wednesday,17:02,74,62,77,77,,
16-01-2019,Wednesday,18:49,70,83,81,73,,
16-01-2019,Wednesday,19:27,73,84,89,76,,
16-01-2019,Wednesday,20:21,58,58,81,83,,
17-01-2019,Thursday,09:20,80,89,85,84,,
17-01-2019,Thursday,10:11,76,71,77,81,,
17-01-2019,Thursday,11:31,75,73,73,76,,
17-01-2019,Thursday,12:30,68,60,71,70,,
17-01-2019,Thursday,17:31,73,62,77,72,,
17-01-2019,Thursday,18:53,66,74,81,70,,
17-01-2019,Thursday,19:28,75,80,81,74,,
17-01-2019,Thursday,20:01,58,68,80,81,,
18-01-2019,Friday,09:12,85,87,84,80,,
18-01-2019,Friday,10:27,83,73,76,81,,
18-01-2019,Friday,11:31,73,75,76,74,,
18-01-2019,Friday,12:08,64,60,73,70,,
18-01-2019,Friday,17:07,75,64,77,77,,
18-01-2019,Friday,18:33,70,80,83,74,,
18-01-2019,Friday,19:34,71,83,80,78,,
18-01-2019,Friday,20:58,56,55,84,84,,
19-01-2019,Saturday,09:15,43,58,59,51,,
19-01-2019,Saturday,10:26,50,58,71,65,,
19-01-2019,Saturday,11:09,67,61,70,69,,
19-01-2019,Saturday,12:45,56,60,77,74,,
19-01-2019,Saturday,17:43,74,67,68,56,,
19-01-2019,Saturday,18:06,74,69,80,60,,
19-01-2019,Saturday,19:06,75,65,80,69,,
19-01-2019,Saturday,20:10,60,65,70,71,,
20-01-2019,Sunday,09:45,51,48,55,58,,
20-01-2019,Sunday,10:24,58,49,59,50,,
20-01-2019,Sunday,11:09,56,53,60,53,,
20-01-2019,Sunday,12:32,60,50,73,56,,
20-01-2019,Sunday,17:21,76,65,67,70,,
20-01-2019,Sunday,18:38,70,67,71,60,,
20-01-2019,Sunday,19:37,70,71,75,72,,
20-01-2019,Sunday,20:33,55,71,67,70,,
21-01-2019,Monday,09:05,83,83,83,81,,
21-01-2019,Monday,10:14,83,76,78,71,,
21-01-2019,Monday,11:36,72,72,82,83,,
21-01-2019,Monday,12:12,68,66,73,73,,
21-01-2019,Monday,17:44,74,60,83,75,,
21-01-2019,Monday,18:44,69,82,82,71,,
21-01-2019,Monday,19:45,77,83,81,74,,
21-01-2019,Monday,20:48,62,59,76,84,,
22-01-2019,Tuesday,09:01,82,86,77,75,,
22-01-2019,Tuesday,10:44,80,71,83,72,,
22-01-2019,Tuesday,11:31,72,74,79,73,,
22-01-2019,Tuesday,12:52,66,61,73,68,,
22-01-2019,Tuesday,17:45,70,60,83,79,,
22-01-2019,Tuesday,18:49,70,82,80,70,,
22-01-2019,Tuesday,19:09,77,83,82,76,,
22-01-2019,Tuesday,20:48,58,64,85,81,,
23-01-2019,Wednesday,09:29,86,82,78,79,,
23-01-2019,Wednesday,10:05,83,79,74,77,,
23-01-2019,Wednesday,11:38,73,75,74,79,,
23-01-2019,Wednesday,12:12,65,66,73,68,,
23-01-2019,Wednesday,17:51,70,61,81,74,,
23-01-2019,Wednesday,18:14,67,72,84,70,,
23-01-2019,Wednesday,19:28,75,83,81,73,,
23-01-2019,Wednesday,20:48,55,60,85,85,,
24-01-2019,Thursday,09:48,86,81,78,81,,
24-01-2019,Thursday,10:43,77,75,73,78,,
24-01-2019,Thursday,11:26,74,71,76,83,,
24-01-2019,Thursday,12:28,68,64,73,69,,
24-01-2019,Thursday,17:06,71,63,83,73,,
24-01-2019,Thursday,18:06,71,81,82,72,,
24-01-2019,Thursday,19:47,77,80,90,77,,
24-01-2019,Thursday,20:55,60,67,80,81,,
25-01-2019,Friday,09:23,82,85,75,78,,
25-01-2019,Friday,10:02,76,71,78,78,,
25-01-2019,Friday,11:27,74,70,83,80,,
25-01-2019,Friday,12:23,61,62,73,75,,
25-01-2019,Friday,17:08,71,67,78,76,,
25-01-2019,Friday,18:29,75,81,84,71,,
25-01-2019,Friday,19:47,74,82,80,80,,
25-01-2019,Friday,20:43,66,55,84,80,,
26-01-2019,Saturday,09:01,51,55,57,59,,
26-01-2019,Saturday,10:19,62,60,75,63,,
26-01-2019,Saturday,11:35,62,61,72,70,,
26-01-2019,Saturday,12:53,63,65,76,75,,
26-01-2019,Saturday,17:21,70,70,67,60,,
26-01-2019,Saturday,18:39,77,69,76,58,,
26-01-2019,Saturday,19:53,69,71,76,70,,
26-01-2019,Saturday,20:33,59,71,70,67,,
27-01-2019,Sunday,09:43,40,49,52,54,,
27-01-2019,Sunday,10:06,63,49,59,48,,
27-01-2019,Sunday,11:03,54,50,59,52,,
27-01-2019,Sunday,12:48,62,52,73,60,,
27-01-2019,Sunday,17:32,76,65,67,69,,
27-01-2019,Sunday,18:20,65,68,70,58,,
27-01-2019,Sunday,19:03,74,70,72,68,,
27-01-2019,Sunday,20:23,57,70,65,70,,
28-01-2019,Monday,09:38,81,80,83,85,,
28-01-2019,Monday,10:50,77,72,74,74,,
28-01-2019,Monday,11:45,72,70,77,73,,
28-01-2019,Monday,12:33,62,60,73,71,,
28-01-2019,Monday,17:31,73,64,77,71,,
28-01-2019,Monday,18:38,73,84,80,72,,
28-01-2019,Monday,19:41,72,82,80,77,,
28-01-2019,Monday,20:27,60,57,79,76,,
29-01-2019,Tuesday,09:51,81,83,78,79,,
29-01-2019,Tuesday,10:54,78,78,81,72,,
29-01-2019,Tuesday,11:47,73,73,76,78,,
29-01-2019,Tuesday,12:54,62,67,73,74,,
29-01-2019,Tuesday,17:51,71,61,80,78,,
29-01-2019,Tuesday,18:49,72,78,83,72,,
29-01-2019,Tuesday,19:10,70,81,82,73,,
29-01-2019,Tuesday,20:17,61,63,84,78,,
30-01-2019,Wednesday,09:44,82,83,85,75,,
30-01-2019,Wednesday,10:11,80,75,81,72,,
30-01-2019,Wednesday,11:50,70,72,77,80,,
30-01-2019,Wednesday,12:14,64,60,73,74,,
30-01-2019,Wednesday,17:00,70,64,82,80,,
30-01-2019,Wednesday,18:29,74,78,82,70,,
30-01-2019,Wednesday,19:03,70,83,81,79,,
30-01-2019,Wednesday,20:10,61,59,76,84,,
31-01-2019,Thursday,09:52,86,81,76,80,,
31-01-2019,Thursday,10:11,79,71,78,79,,
31-01-2019,Thursday,11:22,73,72,81,73,,
31-01-2019,Thursday,12:55,66,68,74,75,,
31-01-2019,Thursday,17:14,70,60,81,75,,
31-01-2019,Thursday,18:05,68,81,84,73,,
31-01-2019,Thursday,19:54,71,81,82,72,,
31-01-2019,Thursday,20:41,58,69,81,82,,
01-02-2019,Friday,09:12,83,80,77,80,,
01-02-2019,Friday,10:22,80,71,77,77,,
01-02-2019,Friday,11:01,70,72,81,76,,
01-02-2019,Friday,12:31,68,67,73,70,,
01-02-2019,Friday,17:57,74,68,75,71,,
01-02-2019,Friday,18:22,72,75,85,71,,
01-02-2019,Friday,19:11,77,80,87,73,,
01-02-2019,Friday,20:44,64,62,78,78,,
02-02-2019,Saturday,09:20,48,57,58,58,,
02-02-2019,Saturday,10:47,60,55,73,65,,
02-02-2019,Saturday,11:31,70,60,71,70,,
02-02-2019,Saturday,12:28,55,61,75,70,,
02-02-2019,Saturday,17:47,73,65,69,61,,
02-02-2019,Saturday,18:57,75,65,75,60,,
02-02-2019,Saturday,19:00,71,65,72,71,,
02-02-2019,Saturday,20:34,56,65,75,71,,
03-02-2019,Sunday,09:39,43,49,53,50,,
03-02-2019,Sunday,10:26,50,50,59,45,,
03-02-2019,Sunday,11:52,56,53,56,50,,
03-02-2019,Sunday,12:16,60,53,74,58,,
03-02-2019,Sunday,17:34,78,60,68,58,,
03-02-2019,Sunday,18:21,66,65,73,63,,
03-02-2019,Sunday,19:56,69,69,79,72,,
03-02-2019,Sunday,20:00,62,69,75,67,,
04-02-2019,Monday,09:25,87,80,77,79,,
04-02-2019,Monday,10:50,80,73,81,71,,
04-02-2019,Monday,11:31,72,75,74,75,,
04-02-2019,Monday,12:30,67,70,73,73,,
04-02-2019,Monday,17:11,72,60,80,78,,
04-02-2019,Monday,18:21,73,83,80,73,,
04-02-2019,Monday,19:41,74,84,80,79,,
04-02-2019,Monday,20:45,63,70,82,77,,
05-02-2019,Tuesday,09:41,88,88,81,83,,
05-02-2019,Tuesday,10:43,76,73,76,71,,
05-02-2019,Tuesday,11:48,72,73,81,80,,
05-02-2019,Tuesday,12:17,61,68,72,73,,
05-02-2019,Tuesday,17:07,71,70,83,78,,
05-02-2019,Tuesday,18:40,75,71,85,75,,
05-02-2019,Tuesday,19:14,73,80,81,74,,
05-02-2019,Tuesday,20:36,64,57,77,85,,
06-02-2019,Wednesday,09:12,83,86,77,79,,
06-02-2019,Wednesday,10:37,76,72,81,78,,
06-02-2019,Wednesday,11:24,74,70,76,74,,
06-02-2019,Wednesday,12:43,61,66,74,69,,
06-02-2019,Wednesday,17:56,70,66,76,74,,
06-02-2019,Wednesday,18:18,67,81,85,74,,
06-02-2019,Wednesday,19:22,70,84,90,73,,
06-02-2019,Wednesday,20:57,66,64,75,75,,
07-02-2019,Thursday,09:43,89,81,75,85,,
07-02-2019,Thursday,10:32,80,78,80,73,,
07-02-2019,Thursday,11:02,72,71,82,78,,
07-02-2019,Thursday,12:55,64,63,70,72,,
07-02-2019,Thursday,17:51,71,64,82,74,,
07-02-2019,Thursday,18:42,72,70,84,72,,
07-02-2019,Thursday,19:52,73,82,85,72,,
07-02-2019,Thursday,20:26,66,68,80,81,,
08-02-2019,Friday,09:09,80,80,82,84,,
08-02-2019,Friday,10:35,74,76,78,70,,
08-02-2019,Friday,11:39,70,70,77,77,,
08-02-2019,Friday,12:45,67,65,73,72,,
08-02-2019,Friday,17:40,74,70,76,73,,
08-02-2019,Friday,18:19,67,70,83,72,,
08-02-2019,Friday,19:37,75,85,84,72,,
08-02-2019,Friday,20:52,59,66,83,81,,
09-02-2019,Saturday,09:46,53,55,59,56,,
09-02-2019,Saturday,10:31,53,55,71,64,,
09-02-2019,Saturday,11:32,70,61,71,67,,
09-02-2019,Saturday,12:43,61,63,75,71,,
09-02-2019,Saturday,17:39,73,62,66,70,,
09-02-2019,Saturday,18:20,70,68,75,65,,
09-02-2019,Saturday,19:39,67,71,75,68,,
09-02-2019,Saturday,20:22,59,71,69,70,,
10-02-2019,Sunday,09:07,50,50,54,58,,
10-02-2019,Sunday,10:11,52,48,56,50,,
10-02-2019,Sunday,11:22,56,52,59,50,,
10-02-2019,Sunday,12:11,56,52,73,57,,
10-02-2019,Sunday,17:19,75,66,66,55,,
10-02-2019,Sunday,18:39,67,70,73,61,,
10-02-2019,Sunday,19:09,65,68,78,67,,
10-02-2019,Sunday,20:55,58,68,69,67,,
11-02-2019,Monday,09:55,86,83,80,77,,
11-02-2019,Monday,10:45,80,80,77,77,,
11-02-2019,Monday,11:56,71,72,76,73,,
11-02-2019,Monday,12:55,66,70,71,73,,
11-02-2019,Monday,17:36,72,63,83,75,,
11-02-2019,Monday,18:31,65,75,81,72,,
11-02-2019,Monday,19:10,76,83,88,76,,
11-02-2019,Monday,20:14,63,61,81,82,,
12-02-2019,Tuesday,09:00,83,89,83,79,,
12-02-2019,Tuesday,10:36,83,78,73,70,,
12-02-2019,Tuesday,11:34,72,75,81,79,,
12-02-2019,Tuesday,12:37,66,69,74,68,,
12-02-2019,Tuesday,17:52,72,65,75,71,,
12-02-2019,Tuesday,18:56,73,76,81,72,,
12-02-2019,Tuesday,19:18,71,84,84,78,,
12-02-2019,Tuesday,20:40,62,65,82,81,,
13-02-2019,Wednesday,09:46,87,81,77,76,,
13-02-2019,Wednesday,10:35,83,75,80,76,,
13-02-2019,Wednesday,11:16,73,74,75,73,,
13-02-2019,Wednesday,12:50,61,69,72,75,,
13-02-2019,Wednesday,17:25,71,63,78,72,,
13-02-2019,Wednesday,18:46,75,83,84,71,,
13-02-2019,Wednesday,19:20,77,83,87,79,,
13-02-2019,Wednesday,20:22,64,67,79,83,,
14-02-2019,Thursday,09:39,87,88,84,83,,
14-02-2019,Thursday,10:20,83,79,81,80,,
14-02-2019,Thursday,11:01,74,71,74,79,,
14-02-2019,Thursday,12:28,64,69,71,74,,
14-02-2019,Thursday,17:12,74,69,79,71,,
14-02-2019,Thursday,18:05,68,74,80,74,,
14-02-2019,Thursday,19:53,75,81,82,72,,
14-02-2019,Thursday,20:53,64,62,85,76,,
15-02-2019,Friday,09:41,88,80,78,76,,
15-02-2019,Friday,10:35,77,71,81,79,,
15-02-2019,Friday,11:58,72,72,82,77,,
15-02-2019,Friday,12:39,68,69,70,69,,
15-02-2019,Friday,17:09,71,61,79,70,,
15-02-2019,Friday,18:19,75,70,80,71,,
15-02-2019,Friday,19:44,72,81,90,77,,
15-02-2019,Friday,20:33,66,61,75,76,,
16-02-2019,Saturday,09:20,43,54,59,54,,
16-02-2019,Saturday,10:44,51,55,75,65,,
16-02-2019,Saturday,11:43,62,61,73,68,,
16-02-2019,Saturday,12:40,56,66,75,75,,
16-02-2019,Saturday,17:44,70,70,66,58,,
16-02-2019,Saturday,18:27,74,70,80,56,,
16-02-2019,Saturday,19:07,69,70,70,65,,
16-02-2019,Saturday,20:57,59,70,72,69,,
17-02-2019,Sunday,09:11,41,46,53,59,,
17-02-2019,Sunday,10:36,64,47,58,47,,
17-02-2019,Sunday,11:53,53,51,55,50,,
17-02-2019,Sunday,12:38,56,53,72,60,,
17-02-2019,Sunday,17:30,77,66,68,58,,
17-02-2019,Sunday,18:12,70,70,72,58,,
17-02-2019,Sunday,19:17,68,71,70,67,,
17-02-2019,Sunday,20:20,56,71,68,75,,
18-02-2019,Monday,09:27,81,82,80,75,,
18-02-2019,Monday,10:52,80,74,79,80,,
18-02-2019,Monday,11:17,72,72,73,73,,
18-02-2019,Monday,12:22,65,65,72,71,,
18-02-2019,Monday,17:37,70,69,81,71,,
18-02-2019,Monday,18:14,71,81,81,72,,
18-02-2019,Monday,19:06,74,83,87,77,,
18-02-2019,Monday,20:56,59,58,84,83,,
19-02-2019,Tuesday,09:29,85,87,82,76,,
19-02-2019,Tuesday,10:55,81,71,79,81,,
19-02-2019,Tuesday,11:42,74,75,76,73,,
19-02-2019,Tuesday,12:48,68,65,71,75,,
19-02-2019,Tuesday,17:42,73,70,76,73,,
19-02-2019,Tuesday,18:53,72,80,81,71,,
19-02-2019,Tuesday,19:45,76,82,80,72,,
19-02-2019,Tuesday,20:09,60,61,76,81,,
20-02-2019,Wednesday,09:08,85,90,76,80,,
20-02-2019,Wednesday,10:02,73,77,75,78,,
20-02-2019,Wednesday,11:01,73,73,78,78,,
20-02-2019,Wednesday,12:33,67,61,74,71,,
20-02-2019,Wednesday,17:40,75,67,75,73,,
20-02-2019,Wednesday,18:01,72,80,83,71,,
20-02-2019,Wednesday,19:36,74,83,80,79,,
20-02-2019,Wednesday,20:56,62,57,78,83,,
21-02-2019,Thursday,09:52,80,87,84,75,,
21-02-2019,Thursday,10:22,83,77,79,74,,
21-02-2019,Thursday,11:24,72,72,82,75,,
21-02-2019,Thursday,12:02,68,67,74,68,,
21-02-2019,Thursday,17:30,75,60,80,70,,
21-02-2019,Thursday,18:37,65,70,83,74,,
21-02-2019,Thursday,19:02,72,81,83,79,,
21-02-2019,Thursday,20:25,56,70,77,77,,
22-02-2019,Friday,09:19,81,88,75,79,,
22-02-2019,Friday,10:07,80,76,82,79,,
22-02-2019,Friday,11:58,70,75,83,73,,
22-02-2019,Friday,12:22,65,60,71,70,,
22-02-2019,Friday,17:42,71,70,82,73,,
22-02-2019,Friday,18:57,72,77,84,71,,
22-02-2019,Friday,19:26,72,81,87,74,,
22-02-2019,Friday,20:36,65,57,80,76,,
23-02-2019,Saturday,09:38,41,54,60,54,,
23-02-2019,Saturday,10:27,63,60,70,63,,
23-02-2019,Saturday,11:00,64,61,73,66,,
23-02-2019,Saturday,12:21,57,63,77,71,,
23-02-2019,Saturday,17:45,73,65,68,64,,
23-02-2019,Saturday,18:08,72,65,80,56,,
23-02-2019,Saturday,19:02,71,65,74,72,,
23-02-2019,Saturday,20:48,57,65,69,65,,
24-02-2019,Sunday,09:37,55,44,51,55,,
24-02-2019,Sunday,10:41,55,48,56,50,,
24-02-2019,Sunday,11:14,54,53,58,51,,
24-02-2019,Sunday,12:49,57,53,74,55,,
24-02-2019,Sunday,17:48,72,62,66,68,,
24-02-2019,Sunday,18:11,65,68,74,56,,
24-02-2019,Sunday,19:47,66,67,78,72,,
24-02-2019,Sunday,20:02,59,67,71,67,,
25-02-2019,Monday,09:14,81,90,82,84,,
25-02-2019,Monday,10:52,78,80,74,76,,
25-02-2019,Monday,11:08,74,75,75,81,,
25-02-2019,Monday,12:08,63,69,75,70,,
25-02-2019,Monday,17:05,70,62,75,77,,
25-02-2019,Monday,18:37,66,75,85,75,,
25-02-2019,Monday,19:16,76,84,90,76,,
25-02-2019,Monday,20:07,55,65,79,82,,
26-02-2019,Tuesday,09:38,88,89,78,81,,
26-02-2019,Tuesday,10:06,73,74,78,71,,
26-02-2019,Tuesday,11:50,71,75,77,73,,
26-02-2019,Tuesday,12:28,66,60,73,74,,
26-02-2019,Tuesday,17:31,71,63,77,70,,
26-02-2019,Tuesday,18:30,75,76,82,72,,
26-02-2019,Tuesday,19:50,73,83,83,74,,
26-02-2019,Tuesday,20:24,62,63,76,76,,
27-02-2019,Wednesday,09:32,81,80,84,79,,
27-02-2019,Wednesday,10:15,81,75,81,74,,
27-02-2019,Wednesday,11:00,73,73,80,80,,
27-02-2019,Wednesday,12:06,66,60,75,73,,
27-02-2019,Wednesday,17:10,71,66,79,74,,
27-02-2019,Wednesday,18:26,69,83,84,75,,
27-02-2019,Wednesday,19:04,74,83,90,78,,
27-02-2019,Wednesday,20:00,61,60,83,78,,
28-02-2019,Thursday,09:56,88,89,77,84,,
28-02-2019,Thursday,10:14,73,80,75,75,,
28-02-2019,Thursday,11:41,72,74,82,77,,
28-02-2019,Thursday,12:43,68,63,72,73,,
28-02-2019,Thursday,17:09,70,66,76,76,,
28-02-2019,Thursday,18:54,71,80,85,71,,
28-02-2019,Thursday,19:49,75,83,89,79,,
28-02-2019,Thursday,20:43,58,55,76,78,,
01-03-2019,Friday,09:32,83,80,77,80,,
01-03-2019,Friday,10:12,80,71,77,77,,
01-03-2019,Friday,11:24,70,72,81,76,,
01-03-2019,Friday,12:14,68,67,73,70,,
01-03-2019,Friday,17:38,74,68,75,71,,
01-03-2019,Friday,18:39,72,75,85,71,,
01-03-2019,Friday,19:17,77,80,87,73,,
01-03-2019,Friday,20:49,64,62,78,78,,
02-03-2019,Saturday,09:22,48,57,58,58,,
02-03-2019,Saturday,10:12,60,55,73,65,,
02-03-2019,Saturday,11:48,70,60,71,70,,
02-03-2019,Saturday,12:33,68,61,75,70,,
02-03-2019,Saturday,17:38,73,65,69,61,,
02-03-2019,Saturday,18:01,75,65,75,60,,
02-03-2019,Saturday,19:22,71,65,72,71,,
02-03-2019,Saturday,20:42,56,65,75,71,,
03-03-2019,Sunday,09:52,43,49,53,50,,
03-03-2019,Sunday,10:20,50,50,59,45,,
03-03-2019,Sunday,11:48,56,53,56,50,,
03-03-2019,Sunday,12:44,60,53,74,58,,
03-03-2019,Sunday,17:31,78,60,68,58,,
03-03-2019,Sunday,18:38,66,65,73,63,,
03-03-2019,Sunday,19:19,69,69,79,72,,
03-03-2019,Sunday,20:21,62,69,75,67,,
04-03-2019,Monday,09:41,87,80,77,79,,
04-03-2019,Monday,10:36,80,73,81,71,,
04-03-2019,Monday,11:18,72,75,74,75,,
04-03-2019,Monday,12:21,70,70,73,73,,
04-03-2019,Monday,17:55,72,60,80,78,,
04-03-2019,Monday,18:16,73,83,80,73,,
04-03-2019,Monday,19:02,74,84,80,79,,
04-03-2019,Monday,20:03,78,70,82,77,,
